SK_ID_CURR,TARGET,NAME_CONTRACT_TYPE,CODE_GENDER,FLAG_OWN_CAR,FLAG_OWN_REALTY,CNT_CHILDREN,AMT_INCOME_TOTAL,AMT_CREDIT,AMT_ANNUITY,AMT_GOODS_PRICE,NAME_INCOME_TYPE,NAME_EDUCATION_TYPE,NAME_FAMILY_STATUS,NAME_HOUSING_TYPE,REGION_POPULATION_RELATIVE,DAYS_BIRTH,DAYS_EMPLOYED,DAYS_REGISTRATION,DAYS_ID_PUBLISH,CNT_FAM_MEMBERS,REGION_RATING_CLIENT,REGION_RATING_CLIENT_W_CITY,WEEKDAY_APPR_PROCESS_START,HOUR_APPR_PROCESS_START,ORGANIZATION_TYPE,EXT_SOURCE_1,EXT_SOURCE_2,EXT_SOURCE_3,DAYS_LAST_PHONE_CHANGE,AMT_REQ_CREDIT_BUREAU_YEAR,age_years,employment_years,days_employed_anom_flag,credit_income_ratio,annuity_income_ratio,credit_goods_ratio,employment_age_ratio,bureau_records_count,bureau_active_credit_count,bureau_closed_credit_count,bureau_bad_debt_credit_count,bureau_sold_credit_count,bureau_overdue_credit_count,bureau_credit_day_overdue_max,bureau_credit_day_overdue_mean,bureau_total_credit_sum,bureau_total_credit_debt_sum,bureau_total_credit_overdue_sum,bureau_total_credit_limit_sum,bureau_total_annuity_sum,bureau_total_prolong_sum,bureau_total_max_overdue_sum,bureau_days_credit_mean,bureau_days_credit_min,bureau_days_credit_max,bureau_days_credit_update_mean,bureau_future_enddate_mean,bureau_unique_credit_types,bureau_unique_currencies,bureau_debt_to_credit_ratio,prev_app_count,prev_approved_count,prev_refused_count,prev_amt_application_sum,prev_amt_credit_sum,prev_amt_annuity_sum,prev_hour_appr_mean,prev_rate_down_payment_mean,prev_days_decision_mean,prev_approval_rate
100002,1,Cash loans,M,N,Y,0,202500.0,406597.5,24700.5,351000.0,Working,Secondary / secondary special,Single / not married,House / apartment,0.018801,-9461,-637,-3648.0,-2120,1.0,2,2,WEDNESDAY,10,Business Entity Type 3,0.0830369673913225,0.2629485927471776,0.1393757800997895,-1134.0,1.0,25.90280629705681,1.7440109514031483,0,2.007888888888889,0.1219777777777777,1.1583974358974358,0.0673290349857309,8.0,2.0,6.0,0.0,0.0,0.0,0.0,0.0,865055.565,245781.0,0.0,31988.565,0.0,0.0,8405.145,-874.0,-1437.0,-103.0,-499.875,309.0,2.0,1.0,0.2841216332733493,1.0,1.0,0.0,179055.0,179055.0,9251.775,9.0,0.0,-606.0,1.0
100003,0,Cash loans,F,N,N,0,270000.0,1293502.5,35698.5,1129500.0,State servant,Higher education,Married,House / apartment,0.0035409999999999,-16765,-1188,-1186.0,-291,2.0,1,1,MONDAY,11,School,0.3112673113812225,0.6222457752555098,,-828.0,0.0,45.90006844626968,3.252566735112936,0,4.79075,0.1322166666666666,1.145199203187251,0.0708619147032508,4.0,1.0,3.0,0.0,0.0,0.0,0.0,0.0,1017400.5,0.0,0.0,810000.0,0.0,0.0,0.0,-1400.75,-2586.0,-606.0,-816.0,1216.0,2.0,1.0,0.0,3.0,3.0,0.0,1306309.5,1452573.0,169661.97,14.666666666666666,0.0500302975712811,-1305.0,1.0
100004,0,Revolving loans,M,Y,Y,0,67500.0,135000.0,6750.0,135000.0,Working,Secondary / secondary special,Single / not married,House / apartment,0.010032,-19046,-225,-4260.0,-2531,1.0,2,2,MONDAY,9,Government,,0.5559120833904428,0.7295666907060153,-815.0,0.0,52.145106091718,0.6160164271047228,0,2.0,0.1,1.0,0.0118135041478525,2.0,0.0,2.0,0.0,0.0,0.0,0.0,0.0,189037.8,0.0,0.0,0.0,0.0,0.0,0.0,-867.0,-1326.0,-408.0,-532.0,,1.0,1.0,0.0,1.0,1.0,0.0,24282.0,20106.0,5357.25,5.0,0.2120076030674443,-815.0,1.0
100006,0,Cash loans,F,N,Y,0,135000.0,312682.5,29686.5,297000.0,Working,Secondary / secondary special,Civil marriage,House / apartment,0.008019,-19005,-3039,-9833.0,-2437,2.0,2,2,WEDNESDAY,17,Business Entity Type 3,,0.6504416904014653,,-617.0,,52.03285420944559,8.320328542094456,0,2.3161666666666667,0.2199,1.0528030303030302,0.1599052880820836,,,,,,,,,,,,,,,,,,,,,,,,9.0,5.0,1.0,2449829.34,2625259.5,141907.05,14.666666666666666,0.1634121025409242,-272.44444444444446,0.5555555555555556
100007,0,Cash loans,M,N,Y,0,121500.0,513000.0,21865.5,513000.0,Working,Secondary / secondary special,Single / not married,House / apartment,0.028663,-19932,-3038,-4311.0,-3458,1.0,2,2,THURSDAY,11,Religion,,0.3227382869704046,,-1106.0,0.0,54.57084188911704,8.317590691307323,0,4.222222222222222,0.1799629629629629,1.0,0.1524182219546458,1.0,0.0,1.0,0.0,0.0,0.0,0.0,0.0,146250.0,0.0,0.0,0.0,0.0,0.0,0.0,-1149.0,-1149.0,-1149.0,-783.0,,1.0,1.0,0.0,6.0,6.0,0.0,903181.5,999832.5,73672.83,12.333333333333334,0.1595164060251766,-1222.8333333333333,1.0
100008,0,Cash loans,M,N,Y,0,99000.0,490495.5,27517.5,454500.0,State servant,Secondary / secondary special,Married,House / apartment,0.035792,-16941,-1588,-4970.0,-477,2.0,2,2,WEDNESDAY,16,Other,,0.3542247319929012,0.6212263380626669,-2536.0,1.0,46.38193018480493,4.347707049965777,0,4.9545,0.2779545454545454,1.0791980198019802,0.0937370875391063,3.0,1.0,2.0,0.0,0.0,0.0,0.0,0.0,468445.5,240057.0,0.0,0.0,0.0,0.0,0.0,-757.3333333333334,-1097.0,-78.0,-611.0,471.0,1.0,1.0,0.5124544904369879,5.0,4.0,0.0,778509.0,813838.5,63358.785,12.0,0.0730507075001457,-1192.0,0.8
100009,0,Cash loans,F,Y,Y,1,171000.0,1560726.0,41301.0,1395000.0,Commercial associate,Higher education,Married,House / apartment,0.035792,-13778,-3130,-1213.0,-619,3.0,2,2,SUNDAY,16,Business Entity Type 3,0.7747614130547695,0.7239998516953141,0.4920600938649263,-1562.0,2.0,37.72210814510609,8.569472963723477,0,9.127052631578948,0.2415263157894736,1.1188,0.2271737552620119,18.0,4.0,14.0,0.0,0.0,0.0,0.0,0.0,4800811.5,1077349.5,0.0,0.0,0.0,0.0,0.0,-1271.5,-2882.0,-239.0,-851.6111111111111,861.6666666666666,2.0,1.0,0.2244098732058111,7.0,7.0,0.0,537192.0,490963.5,70359.885,13.714285714285714,0.1266023051333171,-719.2857142857143,1.0
100010,0,Cash loans,M,Y,Y,0,360000.0,1530000.0,42075.0,1530000.0,State servant,Higher education,Married,House / apartment,0.0031219999999999,-18850,-449,-4597.0,-2379,2.0,3,3,MONDAY,16,Other,,0.7142792864482229,0.5406544504453575,-1070.0,0.0,51.60848733744011,1.2292950034223136,0,4.25,0.116875,1.0,0.0238196286472148,2.0,1.0,1.0,0.0,0.0,0.0,0.0,0.0,990000.0,348007.5,0.0,0.0,0.0,0.0,0.0,-1939.5,-2741.0,-1138.0,-578.0,689.0,2.0,1.0,0.3515227272727272,1.0,1.0,0.0,247212.0,260811.0,27463.41,16.0,0.0,-1070.0,1.0
100011,0,Cash loans,F,N,Y,0,112500.0,1019610.0,33826.5,913500.0,Pensioner,Secondary / secondary special,Married,House / apartment,0.018634,-20099,365243,-7427.0,-3514,2.0,2,2,WEDNESDAY,14,XNA,0.5873340468730377,0.2057472880073281,0.7517237147741489,0.0,1.0,55.0280629705681,,1,9.0632,0.30068,1.1161576354679803,,4.0,0.0,4.0,0.0,0.0,0.0,0.0,0.0,435228.3,0.0,0.0,0.0,0.0,0.0,10147.23,-1773.0,-2508.0,-1309.0,-1454.75,,2.0,1.0,0.0,4.0,3.0,1.0,810931.5,1047361.5,54909.585,11.75,0.05000522275463,-1784.5,0.75
100012,0,Revolving loans,M,N,Y,0,135000.0,405000.0,20250.0,405000.0,Working,Secondary / secondary special,Single / not married,House / apartment,0.0196889999999999,-14469,-2019,-14437.0,-3992,1.0,2,2,THURSDAY,8,Electricity,,0.7466436294590924,,-1673.0,,39.61396303901437,5.5277207392197125,0,3.0,0.15,1.0,0.1395397055774414,,,,,,,,,,,,,,,,,,,,,,,,4.0,3.0,0.0,243720.0,296478.0,23682.465,12.5,0.0,-779.75,0.75
100014,0,Cash loans,F,N,Y,1,112500.0,652500.0,21177.0,652500.0,Working,Higher education,Married,House / apartment,0.0228,-10197,-679,-4427.0,-738,3.0,2,2,SATURDAY,15,Medicine,0.3197601716755032,0.6518623334244781,0.363945238612397,-844.0,0.0,27.91786447638604,1.8590006844626967,0,5.8,0.18824,1.0,0.0665882122192801,8.0,2.0,6.0,0.0,0.0,0.0,0.0,0.0,2729932.425,758214.0,0.0,0.0,0.0,0.0,22358.115,-1095.375,-2308.0,-376.0,-615.875,490.6666666666667,1.0,1.0,0.277740940785375,2.0,2.0,0.0,193072.5,205668.0,25613.1,13.5,0.0,-473.0,1.0
100015,0,Cash loans,F,N,Y,0,38419.155,148365.0,10678.5,135000.0,Pensioner,Secondary / secondary special,Married,House / apartment,0.015221,-20417,365243,-5246.0,-2512,2.0,2,2,FRIDAY,7,XNA,0.7220444501416448,0.5551831615131809,0.6528965519806539,-2396.0,2.0,55.898699520876114,,1,3.861745527719181,0.2779472895746926,1.099,,4.0,0.0,4.0,0.0,0.0,0.0,0.0,0.0,409495.5,0.0,0.0,0.0,0.0,0.0,0.0,-947.75,-1409.0,-319.0,-551.25,,1.0,1.0,0.0,1.0,1.0,0.0,68850.0,67077.0,7666.92,8.0,0.1013816677360118,-2396.0,1.0
100016,0,Cash loans,F,N,Y,0,67500.0,80865.0,5881.5,67500.0,Working,Secondary / secondary special,Married,House / apartment,0.031329,-13439,-2717,-311.0,-3227,2.0,2,2,FRIDAY,10,Business Entity Type 2,0.4648311169632833,0.7150418188660659,0.1766525794312139,-2370.0,0.0,36.79397672826831,7.438740588637919,0,1.198,0.0871333333333333,1.198,0.2021727807128506,7.0,4.0,3.0,0.0,0.0,0.0,0.0,0.0,474984.0,63724.5,0.0,0.0,0.0,0.0,0.0,-618.4285714285714,-1634.0,-128.0,-405.8571428571428,381.75,2.0,1.0,0.1341613612247991,4.0,4.0,0.0,482980.5,424885.5,34372.619999999995,13.0,0.0816818181818181,-1779.5,1.0
100017,0,Cash loans,M,Y,N,1,225000.0,918468.0,28966.5,697500.0,Working,Secondary / secondary special,Married,House / apartment,0.016612,-14086,-3028,-643.0,-4911,3.0,2,2,THURSDAY,13,Self-employed,,0.5669066132460429,0.7700870700124128,-4.0,1.0,38.56536618754278,8.290212183436003,0,4.08208,0.12874,1.3168,0.2149652136873491,6.0,0.0,6.0,0.0,0.0,0.0,0.0,0.0,859770.0,0.0,0.0,0.0,0.0,0.0,0.0,-1944.3333333333333,-2881.0,-909.0,-1594.3333333333333,197.0,2.0,1.0,0.0,2.0,2.0,0.0,353331.0,351130.5,28750.815,16.5,0.1065294460046603,-1526.5,1.0
100018,0,Cash loans,F,N,Y,0,189000.0,773680.5,32778.0,679500.0,Working,Secondary / secondary special,Married,House / apartment,0.010006,-14583,-203,-615.0,-2056,2.0,2,1,MONDAY,9,Transport: type 2,0.7219397686622343,0.6426562048311103,,-188.0,,39.92607802874743,0.5557837097878165,0,4.093547619047619,0.1734285714285714,1.1386026490066226,0.0139203181787012,,,,,,,,,,,,,,,,,,,,,,,,4.0,4.0,0.0,1193453.865,1143958.365,154678.815,15.25,0.0272292012927219,-755.25,1.0
100019,0,Cash loans,M,Y,Y,0,157500.0,299772.0,20160.0,247500.0,Working,Secondary / secondary special,Single / not married,Rented apartment,0.020713,-8728,-1157,-3494.0,-1368,1.0,3,3,SATURDAY,6,Business Entity Type 2,0.1156343372622997,0.34663398139668,0.6785676886853644,-925.0,1.0,23.89596167008898,3.167693360711841,0,1.9033142857142855,0.128,1.2112,0.1325618698441796,2.0,2.0,0.0,0.0,0.0,0.0,0.0,0.0,720000.0,245470.14,0.0,270000.0,54000.0,0.0,0.0,-495.0,-495.0,-495.0,-26.5,5441.0,2.0,1.0,0.34093075,1.0,1.0,0.0,84136.5,104683.5,10518.615,10.0,0.0,-925.0,1.0
100020,0,Cash loans,M,N,N,0,108000.0,509602.5,26149.5,387000.0,Working,Secondary / secondary special,Married,House / apartment,0.018634,-12931,-1317,-6392.0,-3866,2.0,2,2,THURSDAY,12,Government,,0.2363778398884225,0.0621030378372968,-3.0,0.0,35.403148528405204,3.605749486652977,0,4.718541666666667,0.242125,1.3168023255813954,0.1018482715953909,4.0,2.0,2.0,0.0,0.0,0.0,0.0,0.0,199485.0,123088.5,0.0,0.0,0.0,0.0,0.0,-261.5,-492.0,-90.0,-130.75,142.5,1.0,1.0,0.6170313557410332,2.0,2.0,0.0,78412.5,83412.0,14509.035,10.5,0.0,-357.5,1.0
100021,0,Revolving loans,F,N,Y,1,81000.0,270000.0,13500.0,270000.0,Working,Secondary / secondary special,Married,House / apartment,0.010966,-9776,-191,-4143.0,-2427,3.0,2,2,MONDAY,10,Construction,,0.6835133461914255,,-2811.0,,26.765229295003422,0.5229295003422314,0,3.333333333333333,0.1666666666666666,1.0,0.0195376432078559,,,,,,,,,,,,,,,,,,,,,,,,6.0,6.0,0.0,245767.5,921694.5,64116.99,15.666666666666666,0.1066061776681036,-943.8333333333334,1.0
100022,0,Revolving loans,F,N,Y,0,112500.0,157500.0,7875.0,157500.0,Working,Secondary / secondary special,Widow,House / apartment,0.04622,-17718,-7804,-8751.0,-1259,1.0,1,1,FRIDAY,13,Housing,,0.7064284028871654,0.5567274263630174,-239.0,0.0,48.50924024640657,21.36618754277892,0,1.4,0.07,1.0,0.440456033412349,2.0,2.0,0.0,0.0,0.0,0.0,0.0,0.0,1057500.0,205276.5,0.0,0.0,0.0,0.0,0.0,-337.0,-385.0,-289.0,-28.0,940.0,1.0,1.0,0.1941148936170212,1.0,1.0,0.0,89091.0,103203.0,6765.975,18.0,0.0,-239.0,1.0
100023,0,Cash loans,F,N,Y,1,90000.0,544491.0,17563.5,454500.0,State servant,Higher education,Single / not married,House / apartment,0.015221,-11348,-2038,-1021.0,-3964,2.0,2,2,MONDAY,12,Kindergarten,,0.5866171400119664,0.4776491548517548,-1850.0,2.0,31.069130732375086,5.579739904175223,0,6.0499,0.19515,1.198,0.1795911173775114,13.0,4.0,9.0,0.0,0.0,0.0,0.0,0.0,1645692.345,137038.5,0.0,0.0,0.0,0.0,8162.55,-1164.3846153846157,-2624.0,-157.0,-634.0769230769231,955.0,2.0,1.0,0.0832710320470014,4.0,4.0,0.0,394987.5,454068.0,35583.57,10.0,0.0986694520184929,-1215.75,1.0
100024,0,Revolving loans,M,Y,Y,0,135000.0,427500.0,21375.0,427500.0,Working,Secondary / secondary special,Married,House / apartment,0.015221,-18252,-4286,-298.0,-1800,2.0,2,2,FRIDAY,13,Self-employed,0.5656548824667073,0.113374512719927,,-296.0,,49.97125256673511,11.734428473648189,0,3.1666666666666665,0.1583333333333333,1.0,0.2348235809774271,,,,,,,,,,,,,,,,,,,,,,,,,,,,,,,,,
100025,0,Cash loans,F,Y,Y,1,202500.0,1132573.5,37561.5,927000.0,Commercial associate,Secondary / secondary special,Married,House / apartment,0.025164,-14815,-1652,-2299.0,-2299,3.0,2,2,MONDAY,9,Trade: type 7,0.4377090198475417,0.2337669575081463,0.5424451438613613,0.0,4.0,40.56125941136208,4.522929500342231,0,5.592955555555555,0.1854888888888889,1.22176213592233,0.1115086061424232,1.0,1.0,0.0,0.0,0.0,0.0,0.0,0.0,2452500.0,1886544.0,0.0,0.0,0.0,0.0,0.0,-700.0,-700.0,-700.0,-49.0,1124.0,1.0,1.0,0.7692330275229358,8.0,7.0,0.0,2078362.755,2363406.255,193519.17,14.375,0.1057662298825576,-731.0,0.875
100026,0,Cash loans,F,N,N,1,450000.0,497520.0,32521.5,450000.0,Working,Secondary / secondary special,Married,Rented apartment,0.020713,-11146,-4306,-114.0,-2518,3.0,3,2,THURSDAY,6,Self-employed,,0.457142971588935,0.3589512285783967,-468.0,5.0,30.5160848733744,11.789185489390828,0,1.1056,0.07227,1.1056,0.3863269334290328,3.0,2.0,1.0,0.0,0.0,0.0,0.0,0.0,5625000.0,3477814.38,0.0,0.0,0.0,0.0,0.0,-679.0,-1644.0,-148.0,-314.6666666666667,899.0,2.0,1.0,0.6182781119999999,3.0,2.0,0.0,807345.0,876843.0,66387.33,8.333333333333334,0.0,-682.3333333333334,0.6666666666666666
100027,0,Cash loans,F,N,Y,0,83250.0,239850.0,23850.0,225000.0,Pensioner,Secondary / secondary special,Married,House / apartment,0.006296,-24827,365243,-9012.0,-3684,2.0,3,3,FRIDAY,12,XNA,,0.6243047373592765,0.6690566947824041,-795.0,3.0,67.97262149212868,,1,2.881081081081081,0.2864864864864865,1.066,,3.0,1.0,2.0,0.0,0.0,0.0,0.0,0.0,625297.5,376713.0,0.0,0.0,0.0,0.0,5130.0,-793.0,-1983.0,-143.0,-600.6666666666666,944.0,1.0,1.0,0.6024540318808247,4.0,2.0,1.0,654484.5,695182.5,72203.265,14.25,0.0,-407.0,0.5
100029,0,Cash loans,M,Y,N,2,135000.0,247500.0,12703.5,247500.0,Working,Secondary / secondary special,Married,House / apartment,0.026392,-11286,-746,-108.0,-3729,4.0,2,2,THURSDAY,14,Business Entity Type 3,,0.7861793090532118,0.5656079814115492,-4.0,0.0,30.899383983572896,2.0424366872005475,0,1.8333333333333333,0.0941,1.0,0.0660995924153819,4.0,1.0,3.0,0.0,0.0,0.0,0.0,0.0,7428033.0,3682287.0,0.0,0.0,0.0,0.0,0.0,-1416.75,-2806.0,-110.0,-1041.75,1563.0,2.0,1.0,0.4957284115458291,1.0,1.0,0.0,126000.0,126000.0,22891.68,18.0,0.0,-324.0,1.0
100030,0,Cash loans,F,N,Y,0,90000.0,225000.0,11074.5,225000.0,Working,Secondary / secondary special,Married,House / apartment,0.028663,-19334,-3494,-2419.0,-2893,2.0,2,2,SATURDAY,8,Business Entity Type 3,0.5619484093041138,0.6514056365297631,0.4614823912998385,0.0,0.0,52.93360711841205,9.566050650239562,0,2.5,0.12305,1.0,0.1807179062790938,6.0,2.0,4.0,0.0,0.0,0.0,0.0,0.0,643430.97,451642.5,0.0,25656.03,0.0,0.0,0.0,-930.8333333333334,-1547.0,-418.0,-411.1666666666667,823.5,2.0,1.0,0.7019284446317529,12.0,2.0,10.0,401967.225,390415.725,37848.33,12.5,0.0448038956543629,-1981.0833333333333,0.1666666666666666
100031,1,Cash loans,F,N,Y,0,112500.0,979992.0,27076.5,702000.0,Working,Secondary / secondary special,Widow,House / apartment,0.018029,-18724,-2628,-6573.0,-1827,1.0,3,2,MONDAY,9,Business Entity Type 3,,0.5484771599678789,0.190705947811054,-161.0,2.0,51.26351813826147,7.195071868583162,0,8.71104,0.24068,1.396,0.1403546250801111,7.0,3.0,4.0,0.0,0.0,0.0,0.0,0.0,3970651.5,1125000.0,0.0,0.0,0.0,0.0,0.0,-579.5714285714286,-1365.0,-75.0,-266.2857142857143,653.0,2.0,1.0,0.2833288189608179,,,,,,,,,,
100032,0,Cash loans,M,N,Y,1,112500.0,327024.0,23827.5,270000.0,Working,Secondary / secondary special,Married,House / apartment,0.019101,-15948,-1234,-5782.0,-3153,3.0,2,2,SATURDAY,10,Industry: type 11,,0.5411237022695412,0.6594055320683344,-2.0,0.0,43.66324435318276,3.378507871321013,0,2.90688,0.2118,1.2112,0.0773764735390017,4.0,1.0,3.0,0.0,0.0,0.0,0.0,0.0,1271160.0,0.0,0.0,0.0,69750.0,0.0,0.0,-1071.0,-1389.0,-556.0,-436.75,,1.0,1.0,0.0,1.0,1.0,0.0,69255.0,42255.0,7910.145,10.0,0.4245968456494773,-1497.0,1.0
100033,0,Cash loans,M,Y,Y,0,270000.0,790830.0,57676.5,675000.0,State servant,Higher education,Single / not married,House / apartment,0.04622,-9994,-1796,-4668.0,-2661,1.0,1,1,WEDNESDAY,11,Military,0.6003959050009468,0.6850109901296888,0.524496446363472,-849.0,1.0,27.362080766598226,4.917180013689254,0,2.929,0.2136166666666666,1.1716,0.1797078246948169,1.0,1.0,0.0,0.0,0.0,0.0,0.0,0.0,675000.0,0.0,0.0,0.0,0.0,0.0,0.0,-195.0,-195.0,-195.0,-169.0,913.0,1.0,1.0,0.0,1.0,1.0,0.0,53599.5,53329.5,5542.92,14.0,0.0995320373868253,-849.0,1.0
100034,0,Revolving loans,M,N,Y,0,90000.0,180000.0,9000.0,180000.0,Working,Higher education,Single / not married,With parents,0.030755,-10341,-1010,-4799.0,-3015,1.0,2,2,TUESDAY,16,Business Entity Type 3,0.2979135090150507,0.5027790378786304,,-599.0,,28.31211498973306,2.7652292950034223,0,2.0,0.1,1.0,0.0976694710376172,,,,,,,,,,,,,,,,,,,,,,,,2.0,2.0,0.0,215955.0,225054.0,43711.56,15.0,0.1039669070716359,-443.5,1.0
100035,0,Cash loans,F,N,Y,0,292500.0,665892.0,24592.5,477000.0,Commercial associate,Secondary / secondary special,Civil marriage,House / apartment,0.025164,-15280,-2668,-5266.0,-3787,2.0,2,2,WEDNESDAY,13,Business Entity Type 3,,0.479987342189869,0.4101025731788671,-1634.0,5.0,41.83436002737851,7.304585900068446,0,2.2765538461538464,0.084076923076923,1.396,0.1746073298429319,9.0,5.0,4.0,0.0,0.0,0.0,0.0,0.0,3545085.42,2054371.5,0.0,0.0,0.0,0.0,55040.265,-1399.3333333333333,-2723.0,-184.0,-915.3333333333334,3279.25,2.0,1.0,0.5794984483053726,22.0,8.0,8.0,3429022.5,3559342.5,189857.52,12.227272727272728,0.0628375515238063,-558.1818181818181,0.3636363636363636
100036,0,Cash loans,F,N,Y,0,112500.0,512064.0,25033.5,360000.0,Working,Secondary / secondary special,Civil marriage,House / apartment,0.008575,-11144,-1104,-7846.0,-2904,2.0,2,2,TUESDAY,12,Services,0.2744223724911185,0.6273004007953609,,-397.0,5.0,30.510609171800137,3.02258726899384,0,4.55168,0.22252,1.4224,0.0990667623833453,1.0,1.0,0.0,0.0,0.0,0.0,0.0,0.0,94959.0,8339.355,0.0,0.0,0.0,0.0,0.0,-889.0,-889.0,-889.0,-519.0,,1.0,1.0,0.0878205857264714,8.0,2.0,3.0,713106.0,742810.5,43069.77,13.625,0.0,-222.125,0.25
100037,0,Cash loans,F,N,N,0,90000.0,199008.0,20893.5,180000.0,Working,Secondary / secondary special,Civil marriage,House / apartment,0.010032,-12974,-4404,-7123.0,-4464,2.0,2,2,SATURDAY,11,Business Entity Type 2,,0.5594667916353414,0.7981372313187245,-2766.0,2.0,35.520876112251884,12.057494866529774,0,2.2112,0.23215,1.1056,0.3394481270232773,8.0,1.0,7.0,0.0,0.0,0.0,0.0,0.0,592132.5,0.0,0.0,0.0,0.0,0.0,0.0,-1812.875,-2761.0,-1247.0,-1544.625,,2.0,1.0,0.0,5.0,3.0,2.0,650713.5,703305.0,85058.81999999999,7.4,0.0267398105587595,-1186.2,0.6
100039,0,Cash loans,M,Y,N,1,360000.0,733315.5,39069.0,679500.0,Commercial associate,Secondary / secondary special,Married,House / apartment,0.015221,-11694,-2060,-3557.0,-3557,3.0,2,2,THURSDAY,10,Self-employed,,0.3217448956617718,0.4118485559242397,-697.0,1.0,32.016427104722794,5.639972621492129,0,2.0369875,0.108525,1.079198675496689,0.1761587138703608,9.0,3.0,5.0,0.0,1.0,0.0,0.0,0.0,4489092.0,2438748.0,0.0,0.0,0.0,0.0,0.0,-641.4444444444445,-1485.0,-90.0,-372.1111111111111,1163.25,3.0,1.0,0.5432608643351484,4.0,3.0,0.0,1395670.095,1535143.5,62038.485,14.0,8.598717724835e-05,-1245.25,0.75
100040,0,Cash loans,F,N,Y,0,135000.0,1125000.0,32895.0,1125000.0,State servant,Higher education,Married,House / apartment,0.0196889999999999,-15997,-4585,-5735.0,-4067,2.0,2,2,FRIDAY,14,Security Ministries,,0.1724975081477771,,-3019.0,,43.79739904175222,12.553045859000685,0,8.333333333333334,0.2436666666666666,1.0,0.2866162405451022,,,,,,,,,,,,,,,,,,,,,,,,1.0,1.0,0.0,367200.0,367200.0,18984.24,14.0,0.0,-1038.0,1.0
100041,0,Cash loans,F,N,N,0,112500.0,450000.0,44509.5,450000.0,Working,Higher education,Married,House / apartment,0.008575,-12158,-1275,-6265.0,-2009,2.0,2,2,MONDAY,19,Self-employed,,0.6631580756296298,0.6785676886853644,-1285.0,0.0,33.28678986995209,3.490759753593429,0,4.0,0.39564,1.0,0.1048692219114986,13.0,1.0,12.0,0.0,0.0,0.0,0.0,0.0,822305.16,0.0,0.0,0.0,0.0,0.0,7693.65,-1292.5384615384614,-2890.0,-66.0,-992.8461538461538,117.0,2.0,1.0,0.0,2.0,2.0,0.0,74002.5,80563.5,10566.0,13.0,0.0,-2104.5,1.0
100043,0,Cash loans,F,N,Y,2,198000.0,641173.5,23157.0,553500.0,Commercial associate,Secondary / secondary special,Married,House / apartment,0.01885,-17199,-768,-63.0,-735,4.0,2,2,THURSDAY,13,Other,0.8427634659543568,0.6816988025574287,0.7544061731797895,-2411.0,1.0,47.08829568788501,2.102669404517454,0,3.23825,0.1169545454545454,1.1583983739837398,0.0446537589394732,2.0,0.0,2.0,0.0,0.0,0.0,0.0,0.0,333720.0,0.0,0.0,0.0,32580.0,0.0,0.0,-1904.0,-2639.0,-1169.0,-1320.0,,2.0,1.0,0.0,9.0,4.0,5.0,8428275.0,8691115.5,377266.455,13.22222222222222,0.0888634881508131,-534.1111111111111,0.4444444444444444
100044,0,Cash loans,M,N,Y,0,121500.0,454500.0,15151.5,454500.0,Working,Secondary / secondary special,Married,House / apartment,0.030755,-21077,-1288,-5474.0,-4270,2.0,2,2,FRIDAY,10,Transport: type 4,0.8045861213121414,0.7197985370372056,0.722392890081304,-1541.0,0.0,57.7056810403833,3.5263518138261465,0,3.740740740740741,0.1247037037037037,1.0,0.0611092660245765,11.0,6.0,5.0,0.0,0.0,0.0,0.0,0.0,2329694.46,1147764.6,0.0,666208.89,0.0,0.0,46743.435,-1552.090909090909,-2729.0,-83.0,-876.1818181818181,744.0,2.0,1.0,0.4926674376003796,4.0,4.0,0.0,1153350.0,1198975.5,73162.035,14.25,0.0346560988784524,-1716.25,1.0
100045,0,Cash loans,F,N,Y,0,99000.0,247275.0,17338.5,225000.0,Pensioner,Secondary / secondary special,Married,House / apartment,0.006207,-23920,365243,-9817.0,-4969,2.0,2,2,FRIDAY,11,XNA,,0.6507647995068742,0.7517237147741489,0.0,2.0,65.48939082819986,,1,2.497727272727273,0.1751363636363636,1.099,,3.0,1.0,2.0,0.0,0.0,0.0,0.0,0.0,438054.39,89351.46,0.0,0.0,0.0,0.0,0.0,-554.0,-733.0,-337.0,-359.6666666666667,,1.0,1.0,0.2039734380929272,4.0,4.0,0.0,1357942.5,1475914.5,74240.595,14.0,0.0453958113080283,-1789.0,1.0
100046,0,Revolving loans,M,Y,Y,0,180000.0,540000.0,27000.0,540000.0,Working,Higher education,Married,House / apartment,0.025164,-16126,-1761,-8236.0,-4292,2.0,2,2,TUESDAY,8,Business Entity Type 3,,0.7380532835697358,0.6058362647264226,-540.0,1.0,44.15058179329227,4.82135523613963,0,3.0,0.15,1.0,0.1092025300756542,4.0,1.0,3.0,0.0,0.0,0.0,0.0,0.0,12637260.0,0.0,0.0,0.0,0.0,0.0,0.0,-1493.25,-2653.0,-427.0,-647.75,915.0,3.0,1.0,0.0,2.0,1.0,1.0,787500.0,963634.5,57443.85,14.0,,-494.0,0.5
100047,1,Cash loans,M,N,Y,0,202500.0,1193580.0,35028.0,855000.0,Commercial associate,Secondary / secondary special,Married,House / apartment,0.025164,-17482,-1262,-1182.0,-1029,2.0,2,2,TUESDAY,9,Business Entity Type 3,,0.306840586048305,0.3201633668633456,-1075.0,4.0,47.8631074606434,3.455167693360712,0,5.894222222222222,0.1729777777777777,1.396,0.0721885367806887,5.0,3.0,2.0,0.0,0.0,0.0,0.0,0.0,9527634.0,3220456.5,0.0,0.0,0.0,0.0,13518.675,-1104.8,-2055.0,-420.0,-444.6,1866.25,3.0,1.0,0.3380121969420739,6.0,4.0,2.0,1455705.0,2032911.0,100499.49,12.833333333333334,0.1089090909090909,-1432.0,0.6666666666666666
100048,0,Cash loans,F,N,Y,0,202500.0,604152.0,29196.0,540000.0,Working,Secondary / secondary special,Married,House / apartment,0.009175,-16971,-475,-3148.0,-513,2.0,2,2,MONDAY,12,Industry: type 1,,0.0373152355612163,,-458.0,5.0,46.46406570841889,1.3004791238877482,0,2.9834666666666667,0.1441777777777777,1.1188,0.0279889222791821,1.0,0.0,1.0,0.0,0.0,0.0,0.0,0.0,22905.0,0.0,0.0,0.0,0.0,0.0,0.0,-75.0,-75.0,-75.0,-61.0,,1.0,1.0,0.0,4.0,3.0,0.0,1579500.0,1730776.5,115566.795,10.75,,-544.5,0.75
100049,1,Cash loans,F,N,N,0,135000.0,288873.0,16258.5,238500.0,Working,Secondary / secondary special,Civil marriage,House / apartment,0.007305,-13384,-3597,-45.0,-4409,2.0,3,3,THURSDAY,11,Self-employed,0.4682080567974757,0.6742032101473874,0.3996756156233169,-1480.0,2.0,36.64339493497605,9.848049281314168,0,2.1398,0.1204333333333333,1.2112075471698114,0.268753735803945,7.0,5.0,2.0,0.0,0.0,0.0,0.0,0.0,851747.85,552442.5,0.0,8819.235,0.0,0.0,0.0,-819.1428571428571,-2179.0,-27.0,-374.2857142857143,608.3333333333334,2.0,1.0,0.648598643366109,5.0,5.0,0.0,178011.0,278577.0,28739.295,10.6,0.116390473002497,-1066.6,1.0
100050,0,Cash loans,F,N,Y,0,108000.0,746280.0,42970.5,675000.0,Pensioner,Higher education,Single / not married,House / apartment,0.010966,-23548,365243,-5745.0,-4576,1.0,2,2,WEDNESDAY,9,XNA,,0.7661378050275851,0.6848276586890367,-491.0,3.0,64.47091033538672,,1,6.91,0.397875,1.1056,,3.0,0.0,3.0,0.0,0.0,0.0,0.0,0.0,742741.38,0.0,0.0,0.0,0.0,0.0,0.0,-2025.0,-2702.0,-694.0,-1107.3333333333333,189.0,1.0,1.0,0.0,3.0,2.0,0.0,333598.5,333598.5,15919.605,9.333333333333334,0.0,-317.6666666666667,0.6666666666666666
100051,0,Cash loans,M,N,Y,0,202500.0,661702.5,48280.5,598500.0,Working,Secondary / secondary special,Civil marriage,House / apartment,0.007114,-9827,-758,-4166.0,-2380,2.0,2,2,WEDNESDAY,12,Business Entity Type 3,,0.6315186311742824,,-556.0,,26.90485968514716,2.0752908966461328,0,3.2676666666666665,0.2384222222222222,1.1056015037593985,0.0771344255622265,,,,,,,,,,,,,,,,,,,,,,,,3.0,1.0,1.0,136620.0,152068.5,6887.16,15.0,0.0,-313.6666666666667,0.3333333333333333
100052,0,Revolving loans,F,N,Y,1,90000.0,180000.0,9000.0,180000.0,Working,Secondary / secondary special,Civil marriage,House / apartment,0.009334,-7974,-895,-6591.0,-642,3.0,2,2,MONDAY,10,Self-employed,,0.535542260363498,,-462.0,,21.831622176591377,2.4503764544832305,0,2.0,0.1,1.0,0.1122397792826686,,,,,,,,,,,,,,,,,,,,,,,,2.0,2.0,0.0,47335.5,51889.5,10669.5,9.0,0.0,-380.0,1.0
100053,0,Cash loans,F,N,Y,0,202500.0,305221.5,17649.0,252000.0,Pensioner,Secondary / secondary special,Single / not married,House / apartment,0.0196889999999999,-20373,365243,-7760.0,-1993,1.0,2,2,MONDAY,8,XNA,,0.2476647173356162,0.475849908720221,-649.0,4.0,55.7782340862423,,1,1.5072666666666668,0.0871555555555555,1.2111964285714285,,8.0,1.0,7.0,0.0,0.0,0.0,0.0,0.0,675508.5,0.0,0.0,0.0,0.0,0.0,0.0,-2337.875,-2893.0,-1764.0,-1093.75,,2.0,1.0,0.0,5.0,2.0,1.0,180000.0,802908.0,49607.055,9.0,,-284.4,0.4
100054,0,Cash loans,F,N,Y,0,99000.0,260640.0,26838.0,225000.0,Working,Secondary / secondary special,Married,House / apartment,0.022625,-20121,-5332,-9197.0,-3283,2.0,2,2,WEDNESDAY,16,Business Entity Type 3,,0.0892406534424171,0.7281412993111438,-1247.0,2.0,55.08829568788501,14.598220396988363,0,2.632727272727273,0.2710909090909091,1.1584,0.2649967695442572,2.0,1.0,1.0,0.0,0.0,0.0,0.0,0.0,104692.5,0.0,0.0,0.0,0.0,0.0,0.0,-1310.5,-1483.0,-1138.0,-578.0,,1.0,1.0,0.0,5.0,4.0,1.0,429997.5,405729.0,39719.34,13.6,0.065350215598609,-799.8,0.8
100055,0,Cash loans,F,N,N,0,130500.0,1350000.0,37255.5,1350000.0,State servant,Secondary / secondary special,Married,House / apartment,0.020713,-19727,-4411,-6225.0,-3199,2.0,3,3,THURSDAY,10,Government,0.7104273289168539,0.5891866296961207,0.4668640059537032,-784.0,0.0,54.00958247775496,12.0766598220397,0,10.344827586206897,0.2854827586206896,1.0,0.2236021696152481,7.0,4.0,3.0,0.0,0.0,0.0,0.0,0.0,2826732.015,1244438.055,0.0,0.0,0.0,0.0,0.0,-876.8571428571429,-2202.0,-161.0,-288.0,504.6666666666667,3.0,1.0,0.4402391342357227,2.0,2.0,0.0,146529.0,147951.0,18073.575,7.0,0.0497460697197539,-568.5,1.0
100056,0,Cash loans,M,Y,Y,0,360000.0,1506816.0,49927.5,1350000.0,Working,Secondary / secondary special,Married,House / apartment,0.010006,-18264,-9523,-5504.0,-1797,2.0,2,2,THURSDAY,10,Transport: type 2,,0.5239340474953537,,-1498.0,,50.0041067761807,26.072553045859,0,4.1856,0.1386875,1.11616,0.5214082347787998,,,,,,,,,,,,,,,,,,,,,,,,3.0,3.0,0.0,763920.0,849991.5,52685.145,11.0,0.0544545454545454,-2538.0,1.0
100058,0,Revolving loans,F,N,Y,0,54000.0,135000.0,6750.0,135000.0,State servant,Higher education,Married,House / apartment,0.0145199999999999,-12406,-1176,-1149.0,-2576,2.0,2,2,THURSDAY,9,School,0.6562248044601879,0.4508497225560816,0.4794489811780563,0.0,0.0,33.96577686516085,3.2197125256673518,0,2.5,0.125,1.0,0.094792842173142,4.0,2.0,2.0,0.0,0.0,0.0,0.0,0.0,810000.0,258597.0,0.0,0.0,0.0,0.0,0.0,-1049.75,-2536.0,-223.0,-191.75,15685.5,2.0,1.0,0.3192555555555555,,,,,,,,,,
100059,0,Cash loans,M,Y,Y,1,540000.0,675000.0,34596.0,675000.0,Commercial associate,Higher education,Married,House / apartment,0.026392,-18632,-6977,-3904.0,-1937,3.0,2,2,TUESDAY,10,Services,0.3115099249880457,0.7133545848531052,0.3092753558842053,-1285.0,3.0,51.011635865845314,19.10198494182067,0,1.25,0.0640666666666666,1.0,0.3744632889652211,5.0,1.0,4.0,0.0,0.0,0.0,0.0,0.0,2157469.2,980784.0,0.0,0.0,49986.0,0.0,17087.94,-639.4,-1343.0,-194.0,-306.6,638.0,2.0,1.0,0.4545993055196338,18.0,6.0,8.0,3352240.08,4062514.05,336793.635,15.88888888888889,0.0880306409761895,-1106.5,0.3333333333333333
100060,0,Cash loans,M,Y,N,0,76500.0,454500.0,14661.0,454500.0,Working,Secondary / secondary special,Married,House / apartment,0.028663,-12282,-778,-1824.0,-1992,2.0,2,2,TUESDAY,10,Emergency,0.2445616325354615,0.705947456699447,0.7992967832109371,-466.0,0.0,33.62628336755647,2.130047912388775,0,5.941176470588236,0.1916470588235294,1.0,0.0633447321283178,5.0,0.0,5.0,0.0,0.0,0.0,0.0,0.0,274641.84,0.0,0.0,0.0,0.0,0.0,0.0,-1327.0,-1703.0,-809.0,-822.6,,1.0,1.0,0.0,1.0,1.0,0.0,180000.0,180000.0,12177.0,13.0,,-466.0,1.0
100061,0,Cash loans,F,N,Y,2,225000.0,314055.0,16164.0,238500.0,Commercial associate,Higher education,Married,House / apartment,0.006629,-10473,-1392,-2025.0,-1240,4.0,2,2,THURSDAY,3,Self-employed,0.1895957995501827,0.7029791046049891,0.7016957740576931,-570.0,5.0,28.673511293634498,3.811088295687885,0,1.3958,0.07184,1.3167924528301886,0.1329132053852764,1.0,0.0,1.0,0.0,0.0,0.0,0.0,0.0,37741.5,0.0,0.0,0.0,0.0,0.0,0.0,-924.0,-924.0,-924.0,-426.0,,1.0,1.0,0.0,6.0,5.0,0.0,1887057.0,2019406.5,138747.825,9.166666666666666,0.0967881020174898,-1072.3333333333333,0.8333333333333334
100062,0,Cash loans,M,Y,N,0,81000.0,675000.0,32472.0,675000.0,Pensioner,Secondary / secondary special,Married,House / apartment,0.010006,-18611,365243,-6936.0,-2142,2.0,2,2,TUESDAY,17,XNA,,0.6628649268152181,0.7380196196295241,-462.0,2.0,50.954140999315534,,1,8.333333333333334,0.4008888888888889,1.0,,2.0,0.0,2.0,0.0,0.0,0.0,0.0,0.0,1081626.12,0.0,0.0,0.0,0.0,0.0,0.0,-1297.0,-2288.0,-306.0,-554.0,273.0,1.0,1.0,0.0,10.0,3.0,4.0,5031000.0,5101915.5,223699.995,13.6,0.1048005334682718,-312.1,0.3
100063,0,Cash loans,F,N,Y,0,180000.0,837427.5,45558.0,666000.0,Working,Higher education,Married,House / apartment,0.022625,-12955,-4106,-7054.0,-5164,2.0,2,2,MONDAY,15,Medicine,0.5527719020519871,0.6166372926426479,0.0701088438273582,-1547.0,4.0,35.46885694729637,11.241615331964407,0,4.652375,0.2531,1.2573986486486486,0.3169432651485913,18.0,7.0,11.0,0.0,0.0,0.0,0.0,0.0,5006331.0,1651888.845,0.0,0.0,40013.01,0.0,2502.0,-1134.2777777777778,-2909.0,-238.0,-530.3888888888889,830.75,3.0,1.0,0.3299599736813247,9.0,4.0,3.0,1537078.5,1855417.5,143528.715,14.555555555555555,0.100432093829135,-712.7777777777778,0.4444444444444444
100064,0,Cash loans,F,N,N,0,67500.0,298728.0,15381.0,202500.0,Pensioner,Secondary / secondary special,Single / not married,Municipal apartment,0.019101,-21621,365243,-2019.0,-1344,1.0,2,2,MONDAY,9,XNA,,0.6227082733555896,0.1694287272664794,0.0,0.0,59.19507186858316,,1,4.4256,0.2278666666666666,1.4752,,2.0,2.0,0.0,0.0,0.0,0.0,0.0,0.0,162000.0,95413.5,0.0,0.0,4653.0,0.0,0.0,-424.0,-509.0,-339.0,-96.5,221.0,2.0,1.0,0.5889722222222222,1.0,1.0,0.0,47607.48,47605.5,2144.61,21.0,4.529540315933546e-05,-613.0,1.0
100068,0,Revolving loans,M,N,Y,0,81000.0,247500.0,12375.0,247500.0,Working,Secondary / secondary special,Married,House / apartment,0.031329,-18248,-2351,-4375.0,-1721,2.0,2,2,WEDNESDAY,14,Security,0.2377197192577024,0.6091352920795285,0.5136937663039473,-167.0,0.0,49.960301163586585,6.436687200547571,0,3.055555555555556,0.1527777777777778,1.0,0.1288360368259535,5.0,1.0,4.0,0.0,0.0,0.0,0.0,0.0,1151753.94,799038.0,0.0,0.0,0.0,0.0,5912.865,-1498.0,-2529.0,-400.0,-1021.4,1426.0,1.0,1.0,0.69375755727825,1.0,1.0,0.0,82152.0,81742.5,7761.465,13.0,0.0994787654444499,-167.0,1.0
100069,0,Cash loans,M,Y,Y,1,360000.0,640458.0,27265.5,517500.0,Working,Secondary / secondary special,Separated,House / apartment,0.00733,-14186,-1743,-2128.0,-4982,2.0,2,2,MONDAY,11,Transport: type 4,,0.2567370429595146,0.7076993447402619,-112.0,3.0,38.83915126625599,4.772073921971253,0,1.77905,0.0757375,1.2376,0.1228676159593965,4.0,2.0,2.0,0.0,0.0,0.0,0.0,0.0,6249325.5,3152259.0,0.0,0.0,40486.5,0.0,0.0,-1204.25,-2263.0,-112.0,-491.0,806.0,1.0,1.0,0.5044158765613985,7.0,6.0,0.0,1016141.175,971617.5,108045.675,13.714285714285714,0.0950542402333447,-715.8571428571429,0.8571428571428571
100070,0,Cash loans,M,Y,Y,0,540000.0,1227901.5,46899.0,1129500.0,Working,Higher education,Widow,House / apartment,0.032561,-20544,-2091,-6846.0,-566,1.0,1,1,TUESDAY,14,Business Entity Type 3,,0.6535972121081295,0.3392876999089139,-1377.0,0.0,56.24640657084189,5.724845995893224,0,2.273891666666666,0.08685,1.0871195219123506,0.1017815420560747,6.0,3.0,3.0,0.0,0.0,0.0,0.0,0.0,8758800.0,2249635.5,0.0,0.0,0.0,0.0,0.0,-1523.1666666666667,-2350.0,-299.0,-556.1666666666666,912.3333333333334,2.0,1.0,0.2568428894369091,2.0,2.0,0.0,299530.89,267430.5,27129.195,14.5,0.1582330867324158,-831.5,1.0
100071,0,Cash loans,F,N,Y,0,180000.0,1663987.5,86989.5,1588500.0,Commercial associate,Secondary / secondary special,Married,House / apartment,0.018801,-20121,-2446,-6755.0,-2177,2.0,2,2,MONDAY,12,Industry: type 11,,0.5706663563799912,0.6971469077844458,-1572.0,1.0,55.08829568788501,6.69678302532512,0,9.244375,0.483275,1.0475212464589234,0.1215645345658764,4.0,0.0,4.0,0.0,0.0,0.0,0.0,0.0,598059.0,0.0,0.0,0.0,0.0,0.0,0.0,-1594.25,-2258.0,-1106.0,-687.5,,1.0,1.0,0.0,2.0,2.0,0.0,817893.0,841414.5,70387.02,12.0,0.0,-1312.5,1.0
100072,0,Cash loans,M,N,N,0,180000.0,1080000.0,44118.0,1080000.0,Working,Incomplete higher,Single / not married,With parents,0.010006,-7907,-1324,-4557.0,-586,1.0,2,1,TUESDAY,9,Trade: type 2,,0.0265407750366898,0.434733248750173,-725.0,4.0,21.648186173853524,3.6249144421629023,0,6.0,0.2451,1.0,0.1674465663336284,2.0,0.0,2.0,0.0,0.0,0.0,0.0,0.0,314716.5,0.0,0.0,0.0,22500.0,0.0,10368.495,-562.0,-630.0,-494.0,-214.5,,1.0,1.0,0.0,10.0,3.0,2.0,2247745.5,2198817.0,172525.59,12.6,0.1071166399474482,-385.9,0.3
100073,0,Cash loans,M,Y,Y,0,324000.0,1130760.0,40189.5,810000.0,Pensioner,Higher education,Civil marriage,House / apartment,0.01885,-22843,365243,-1042.0,-3967,2.0,2,2,THURSDAY,9,XNA,,0.7330511930996613,0.2340151665320674,-2385.0,1.0,62.54072553045859,,1,3.49,0.1240416666666666,1.396,,4.0,3.0,1.0,0.0,0.0,0.0,0.0,0.0,2176983.0,1537123.5,0.0,473339.43,0.0,0.0,54907.965,-877.0,-1788.0,-181.0,-391.25,1045.0,2.0,1.0,0.7060796983715537,9.0,4.0,3.0,2968632.0,3039016.5,245273.76,12.666666666666666,0.1066539298795157,-1407.3333333333333,0.4444444444444444
100075,0,Cash loans,F,N,N,0,112500.0,95940.0,10462.5,90000.0,Working,Higher education,Single / not married,House / apartment,0.00496,-12240,-3720,-5246.0,-4541,1.0,2,2,MONDAY,14,University,0.2996061411205129,0.6645439411246608,0.4920600938649263,-280.0,5.0,33.51129363449692,10.184804928131417,0,0.8528,0.093,1.066,0.3039215686274509,4.0,4.0,0.0,0.0,0.0,0.0,0.0,0.0,991566.0,547785.0,0.0,0.0,0.0,0.0,0.0,-872.0,-1637.0,-83.0,-128.25,804.0,2.0,1.0,0.55244431535571,7.0,4.0,2.0,665055.0,735750.0,110102.4,13.714285714285714,0.0,-438.7142857142857,0.5714285714285714
100076,0,Cash loans,M,Y,N,0,180000.0,315000.0,9679.5,315000.0,Commercial associate,Secondary / secondary special,Married,House / apartment,0.028663,-13866,-2546,-5448.0,-4097,2.0,2,2,MONDAY,12,Transport: type 3,,0.5848873555356944,0.0950703958413326,-3.0,0.0,37.96303901437371,6.97056810403833,0,1.75,0.053775,1.0,0.183614596855618,3.0,3.0,0.0,0.0,0.0,0.0,0.0,0.0,3296057.58,2610859.995,0.0,4749.21,184410.0,0.0,49170.24,-244.33333333333331,-441.0,-121.0,-13.333333333333334,769.5,3.0,1.0,0.7921160148543279,,,,,,,,,,
100077,0,Cash loans,M,N,Y,0,180000.0,1256400.0,40657.5,900000.0,Commercial associate,Secondary / secondary special,Single / not married,House / apartment,0.072508,-12049,-579,-6105.0,-1,1.0,1,1,WEDNESDAY,12,Police,0.2867830789116058,0.6473478219828046,0.5620604831738043,-295.0,8.0,32.988364134154686,1.5852156057494866,0,6.98,0.225875,1.396,0.0480537803967134,4.0,1.0,3.0,0.0,0.0,0.0,0.0,0.0,687456.0,257926.5,0.0,12073.05,0.0,0.0,0.0,-824.25,-1186.0,-148.0,-537.75,,2.0,1.0,0.3751898303309594,26.0,4.0,12.0,1543896.0,1741608.0,105616.215,12.192307692307692,0.1089257334963324,-330.15384615384613,0.1538461538461538
100078,0,Cash loans,F,Y,Y,0,180000.0,1035000.0,43983.0,1035000.0,State servant,Higher education,Married,House / apartment,0.028663,-19550,-4856,-6836.0,-3084,2.0,2,2,TUESDAY,9,Government,0.7961611232881004,0.5172704004425673,0.4294236843421945,-1594.0,3.0,53.52498288843258,13.295003422313483,0,5.75,0.24435,1.0,0.248388746803069,3.0,1.0,2.0,0.0,0.0,0.0,0.0,0.0,1143000.0,537165.0,0.0,2832.705,108000.0,0.0,0.0,-1169.3333333333333,-1338.0,-862.0,-79.33333333333333,504.0,2.0,1.0,0.4699606299212598,11.0,4.0,4.0,4437000.0,4652869.5,199684.305,9.909090909090908,,-612.7272727272727,0.3636363636363636
100079,0,Revolving loans,M,N,Y,0,225000.0,270000.0,13500.0,270000.0,Working,Secondary / secondary special,Separated,Municipal apartment,0.00733,-15359,-114,-5076.0,-2922,1.0,2,2,THURSDAY,9,Construction,0.202477374074608,0.5619229565929612,0.4135967602644276,-662.0,0.0,42.050650239561946,0.3121149897330595,0,1.2,0.06,1.0,0.007422358226447,1.0,0.0,1.0,0.0,0.0,0.0,0.0,0.0,60781.5,0.0,0.0,0.0,0.0,0.0,0.0,-553.0,-553.0,-553.0,-354.0,,1.0,1.0,0.0,3.0,1.0,2.0,247207.5,232096.5,31705.785,13.0,0.3033577750677471,-625.6666666666666,0.3333333333333333
100080,0,Revolving loans,F,N,N,1,157500.0,450000.0,22500.0,450000.0,Commercial associate,Secondary / secondary special,Civil marriage,House / apartment,0.010966,-11956,-3154,-8118.0,-4143,3.0,2,2,SUNDAY,10,Kindergarten,0.4115064104251909,0.1238882922844139,0.8327850252992314,-1711.0,5.0,32.733744010951405,8.635181382614647,0,2.857142857142857,0.1428571428571428,1.0,0.2638006022080963,1.0,0.0,1.0,0.0,0.0,0.0,0.0,0.0,30150.0,0.0,0.0,0.0,0.0,0.0,0.0,-1802.0,-1802.0,-1802.0,-1516.0,,1.0,1.0,0.0,7.0,4.0,0.0,1088415.0,1228369.5,66201.3,13.0,0.0521324870781392,-725.7142857142857,0.5714285714285714
100081,0,Cash loans,M,Y,N,0,180000.0,450000.0,21109.5,450000.0,Commercial associate,Secondary / secondary special,Civil marriage,House / apartment,0.0145199999999999,-10848,-121,-4809.0,-3494,2.0,2,2,SATURDAY,9,Other,,0.6454384930609306,,-2519.0,,29.700205338809035,0.3312799452429842,0,2.5,0.117275,1.0,0.0111541297935103,,,,,,,,,,,,,,,,,,,,,,,,1.0,1.0,0.0,46755.0,45544.5,6075.63,12.0,0.1014832493015451,-2519.0,1.0
100082,0,Cash loans,M,N,N,2,180000.0,450000.0,21109.5,450000.0,Commercial associate,Higher education,Married,House / apartment,0.01885,-12009,-2844,-1377.0,-3656,4.0,2,2,MONDAY,12,Business Entity Type 3,0.3577065472620613,0.6865047975453018,0.3944954053123993,-1003.0,2.0,32.878850102669404,7.786447638603696,0,2.5,0.117275,1.0,0.2368223832125905,17.0,5.0,12.0,0.0,0.0,0.0,0.0,0.0,10393996.41,2384752.41,0.0,0.0,0.0,1.0,33156.0,-1133.4117647058824,-2572.0,-65.0,-509.11764705882354,4519.5,3.0,1.0,0.2294355622160543,15.0,4.0,9.0,7859628.0,8233101.0,286278.795,17.6,0.1594352738290525,-1138.6666666666667,0.2666666666666666
100083,0,Cash loans,M,Y,Y,0,103500.0,573628.5,24435.0,463500.0,Working,Secondary / secondary special,Married,House / apartment,0.0096569999999999,-15406,-892,-341.0,-4176,2.0,2,2,MONDAY,18,Business Entity Type 3,0.2707661633733818,0.7071263161734994,0.5971924268337128,-2053.0,3.0,42.17932922655715,2.4421629021218343,0,5.542304347826087,0.2360869565217391,1.2376019417475728,0.0578995196676619,2.0,1.0,1.0,0.0,0.0,0.0,0.0,0.0,3237880.5,1756003.5,0.0,0.0,0.0,0.0,0.0,-1229.0,-1964.0,-494.0,-278.5,1332.0,1.0,1.0,0.5423311638585797,3.0,3.0,0.0,205681.5,312619.5,22461.66,13.333333333333334,0.1527464732858344,-1216.3333333333333,1.0
100084,0,Cash loans,M,N,Y,2,225000.0,495351.0,26140.5,459000.0,Working,Secondary / secondary special,Separated,House / apartment,0.02461,-14860,-1156,-23.0,-1072,3.0,2,2,FRIDAY,10,Business Entity Type 3,,0.5705270507243844,0.6940926425266661,-1475.0,0.0,40.68446269678302,3.164955509924709,0,2.20156,0.11618,1.0791960784313726,0.0777927321668909,1.0,0.0,1.0,0.0,0.0,0.0,0.0,0.0,98100.0,0.0,0.0,0.0,0.0,0.0,0.0,-2152.0,-2152.0,-2152.0,-988.0,,1.0,1.0,0.0,7.0,3.0,2.0,788850.0,963391.5,64683.81,13.0,0.1480365113533123,-838.4285714285714,0.4285714285714285
100085,0,Cash loans,M,N,Y,1,157500.0,755190.0,28894.5,675000.0,Working,Secondary / secondary special,Married,House / apartment,0.016612,-11187,-2224,-3253.0,-3723,3.0,2,2,WEDNESDAY,12,Business Entity Type 1,,0.3687189849837431,0.3589512285783967,-1175.0,0.0,30.628336755646817,6.0889801505817935,0,4.794857142857143,0.1834571428571428,1.1188,0.198802181103066,4.0,2.0,2.0,0.0,0.0,0.0,0.0,0.0,1427197.5,697500.0,0.0,0.0,0.0,0.0,0.0,-976.5,-1388.0,-493.0,-526.25,915.0,1.0,1.0,0.4887200264854724,3.0,1.0,2.0,187582.5,194197.5,18158.31,14.666666666666666,0.1285315785709176,-681.6666666666666,0.3333333333333333
100086,0,Cash loans,F,N,Y,1,135000.0,675000.0,21775.5,675000.0,Commercial associate,Higher education,Widow,House / apartment,0.019101,-14264,-2492,-4327.0,-4517,2.0,2,2,THURSDAY,12,Self-employed,,0.5698732368655826,0.1986200451074864,-1597.0,2.0,39.05270362765229,6.822724161533197,0,5.0,0.1613,1.0,0.1747055524397083,6.0,4.0,2.0,0.0,0.0,0.0,0.0,0.0,1077934.95,404028.0,0.0,0.0,0.0,0.0,14453.865,-839.8333333333334,-1364.0,-218.0,-302.8333333333333,700.3333333333334,2.0,1.0,0.3748166807282759,7.0,1.0,1.0,775908.45,884808.45,33450.48,12.142857142857142,0.0789339307186743,-844.4285714285714,0.1428571428571428
100087,0,Cash loans,F,N,Y,1,202500.0,1288350.0,37800.0,1125000.0,Working,Secondary / secondary special,Married,House / apartment,0.003069,-17542,-2011,-1529.0,-988,3.0,3,3,FRIDAY,11,Self-employed,,0.5720641471414096,0.191821602413606,-1230.0,3.0,48.02737850787132,5.505817932922656,0,6.362222222222222,0.1866666666666666,1.1452,0.1146391517500855,6.0,3.0,3.0,0.0,0.0,0.0,0.0,0.0,677005.515,285748.515,0.0,0.0,0.0,0.0,10404.18,-399.0,-731.0,-15.0,-174.0,400.0,2.0,1.0,0.4220770860337822,5.0,5.0,0.0,526801.5,526837.5,60491.835,11.4,0.1452121212121212,-784.6,1.0
100088,0,Revolving loans,F,N,N,0,112500.0,135000.0,6750.0,135000.0,Commercial associate,Higher education,Married,House / apartment,0.0228,-19467,-4066,-4623.0,-2975,2.0,2,2,THURSDAY,15,School,,0.5851740300889305,0.4083588531230431,-1537.0,2.0,53.29774127310061,11.132101300479125,0,1.2,0.06,1.0,0.2088662865361894,5.0,2.0,3.0,0.0,0.0,0.0,0.0,0.0,1777500.0,403969.5,0.0,0.0,0.0,0.0,0.0,-1408.2,-2736.0,-851.0,-397.0,916.0,1.0,1.0,0.2272683544303797,2.0,2.0,0.0,693900.0,753354.0,40935.24,8.0,0.1089090909090909,-978.0,1.0
100089,0,Cash loans,M,N,Y,0,135000.0,337761.0,15781.5,256500.0,Working,Secondary / secondary special,Civil marriage,House / apartment,0.025164,-9666,-2811,-4437.0,-2342,2.0,2,2,TUESDAY,12,Self-employed,,0.5500579930157645,0.5352762504724826,-92.0,3.0,26.46406570841889,7.696098562628337,0,2.501933333333333,0.1169,1.3168070175438598,0.2908131595282433,1.0,0.0,1.0,0.0,0.0,0.0,0.0,0.0,116545.5,0.0,0.0,0.0,0.0,0.0,9283.5,-599.0,-599.0,-599.0,-261.0,,1.0,1.0,0.0,4.0,2.0,1.0,768150.0,922000.5,52454.34,12.75,0.2838021912940479,-786.25,0.5
100093,0,Cash loans,F,N,Y,1,94500.0,585000.0,28273.5,585000.0,Working,Secondary / secondary special,Married,House / apartment,0.028663,-18253,-721,-1701.0,-1779,3.0,2,2,TUESDAY,16,Postal,0.5927009939219194,0.4885999153777029,,0.0,3.0,49.973990417522245,1.9739904175222447,0,6.190476190476191,0.2991904761904762,1.0,0.0395003561058456,1.0,0.0,1.0,0.0,0.0,0.0,0.0,0.0,90000.0,0.0,0.0,0.0,0.0,0.0,0.0,-557.0,-557.0,-557.0,-174.0,,1.0,1.0,0.0,10.0,7.0,0.0,1515357.0,1683211.5,76455.45,13.8,0.0708671489349643,-1191.0,0.7
100094,0,Cash loans,F,N,Y,0,108000.0,113760.0,5301.0,90000.0,Pensioner,Higher education,Single / not married,House / apartment,0.030755,-22935,365243,-12623.0,-3442,1.0,2,2,THURSDAY,10,XNA,,0.5827354769124312,0.4525335592581747,-260.0,0.0,62.79260780287474,,1,1.0533333333333332,0.0490833333333333,1.264,,4.0,3.0,1.0,0.0,0.0,0.0,0.0,0.0,855000.0,611335.575,0.0,4565.925,0.0,0.0,0.0,-527.25,-1049.0,-246.0,-293.75,986.3333333333334,2.0,1.0,0.7150123684210525,1.0,1.0,0.0,87205.5,69763.5,4966.47,13.0,0.2178294217264236,-260.0,1.0
100095,0,Revolving loans,F,N,Y,2,67500.0,135000.0,6750.0,135000.0,Working,Secondary / secondary special,Married,House / apartment,0.020246,-18693,-1434,-10255.0,-2241,4.0,3,3,THURSDAY,8,Trade: type 7,0.5866975916234531,0.3045061145430549,,-1040.0,,51.17864476386037,3.926078028747433,0,2.0,0.1,1.0,0.0767132081527844,,,,,,,,,,,,,,,,,,,,,,,,3.0,1.0,1.0,101056.5,101056.5,5290.695,11.333333333333334,0.0,-533.6666666666666,0.3333333333333333
100096,1,Cash loans,F,N,Y,0,81000.0,252000.0,14593.5,252000.0,Pensioner,Secondary / secondary special,Married,House / apartment,0.028663,-24794,365243,-5391.0,-4199,2.0,2,2,THURSDAY,10,XNA,,0.0239523667712844,0.7209441499436497,0.0,0.0,67.88227241615331,,1,3.111111111111111,0.1801666666666666,1.0,,1.0,0.0,1.0,0.0,0.0,0.0,0.0,0.0,65610.0,0.0,0.0,0.0,0.0,0.0,0.0,-2922.0,-2922.0,-2922.0,-1647.0,,1.0,1.0,0.0,,,,,,,,,,
100097,0,Cash loans,M,Y,Y,0,157500.0,760225.5,30280.5,679500.0,Working,Secondary / secondary special,Married,House / apartment,0.035792,-17527,-2442,-3500.0,-983,2.0,2,2,THURSDAY,10,Business Entity Type 3,,0.3573422337147276,0.6446794549585961,-371.0,0.0,47.98631074606434,6.685831622176591,0,4.826828571428571,0.1922571428571428,1.1188013245033113,0.139327894106236,3.0,1.0,2.0,0.0,0.0,0.0,0.0,0.0,319293.18,86526.0,0.0,0.0,0.0,0.0,0.0,-1643.0,-2726.0,-87.0,-1103.3333333333333,97.0,1.0,1.0,0.2709923212265291,2.0,2.0,0.0,175455.0,168709.5,16825.545,8.5,0.0544545454545454,-1402.0,1.0
100098,0,Revolving loans,M,Y,N,0,225000.0,270000.0,13500.0,270000.0,Working,Secondary / secondary special,Civil marriage,House / apartment,0.01885,-17390,-924,-7211.0,-907,2.0,2,2,WEDNESDAY,9,Transport: type 3,,0.5970811533321667,,-617.0,,47.611225188227245,2.529774127310062,0,1.2,0.06,1.0,0.0531339850488786,,,,,,,,,,,,,,,,,,,,,,,,7.0,3.0,1.0,390177.0,519642.0,30610.08,11.428571428571429,0.1629777563259168,-912.4285714285714,0.4285714285714285
100099,0,Cash loans,F,N,Y,0,360000.0,733315.5,41076.0,679500.0,Pensioner,Secondary / secondary special,Separated,House / apartment,0.009175,-23032,365243,-9506.0,-793,1.0,2,2,THURSDAY,12,XNA,,0.6605789818593445,0.3425288720742255,0.0,3.0,63.05817932922656,,1,2.0369875,0.1141,1.079198675496689,,10.0,5.0,5.0,0.0,0.0,0.0,0.0,0.0,2692174.5,185535.0,0.0,0.0,25627.5,0.0,0.0,-719.0,-1504.0,-162.0,-241.9,876.0,2.0,1.0,0.0689164093932247,12.0,2.0,10.0,7838816.354999999,8276535.0,351954.09,12.666666666666666,8.078266827765239e-05,-691.1666666666666,0.1666666666666666
100100,0,Cash loans,M,Y,Y,2,202500.0,796396.5,38443.5,643500.0,Working,Higher education,Married,House / apartment,0.008019,-15909,-1094,-3134.0,-4180,4.0,2,2,FRIDAY,17,Industry: type 11,0.4476751393608083,0.495765140717496,0.8245949709919925,-1876.0,2.0,43.5564681724846,2.9952087611225187,0,3.932822222222222,0.1898444444444444,1.2376013986013985,0.0687661072348984,5.0,0.0,5.0,0.0,0.0,0.0,0.0,0.0,3163743.45,0.0,0.0,0.0,19819.485,0.0,0.0,-1866.4,-2830.0,-443.0,-595.0,,3.0,1.0,0.0,5.0,5.0,0.0,689278.5,947232.0,67455.98999999999,12.6,0.0,-1169.6,1.0
100101,0,Cash loans,F,Y,Y,0,202500.0,343377.0,22072.5,283500.0,State servant,Higher education,Single / not married,House / apartment,0.072508,-18138,-969,-7421.0,-1681,1.0,1,1,WEDNESDAY,13,Business Entity Type 1,,0.7162122102538987,,-1585.0,,49.659137577002056,2.652977412731006,0,1.6956888888888888,0.109,1.2112063492063492,0.0534237512404895,,,,,,,,,,,,,,,,,,,,,,,,5.0,4.0,0.0,891216.0,944932.5,82248.255,13.6,0.0,-831.0,0.8
100102,0,Cash loans,F,N,N,1,126000.0,327024.0,10264.5,270000.0,Working,Secondary / secondary special,Single / not married,House / apartment,0.02461,-14321,-192,-6913.0,-5942,2.0,2,2,SUNDAY,13,Transport: type 4,0.4147940693543055,0.6611083077510267,0.4776491548517548,-2.0,0.0,39.20876112251882,0.5256673511293635,0,2.595428571428572,0.0814642857142857,1.2112,0.0134068849940646,5.0,2.0,3.0,0.0,0.0,0.0,0.0,0.0,1473232.5,694314.0,0.0,0.0,0.0,0.0,0.0,-697.8,-1554.0,-211.0,-173.8,802.0,2.0,1.0,0.4712861004627579,,,,,,,,,,
100103,0,Cash loans,F,N,Y,0,72000.0,450000.0,16965.0,450000.0,Working,Secondary / secondary special,Married,House / apartment,0.009175,-21112,-1694,-6057.0,-4013,2.0,2,2,FRIDAY,12,School,,0.7180575365896832,0.511891801533151,0.0,0.0,57.80150581793292,4.63791923340178,0,6.25,0.235625,1.0,0.0802387267904509,3.0,1.0,2.0,0.0,0.0,0.0,0.0,0.0,445834.35,12307.5,0.0,239689.8,0.0,0.0,20520.0,-1584.0,-2259.0,-720.0,-1165.3333333333333,,2.0,1.0,0.0276055445256741,2.0,2.0,0.0,225585.0,230400.0,13704.345,14.5,0.0,-203.0,1.0
100104,0,Cash loans,F,N,Y,0,90000.0,547344.0,30690.0,472500.0,Working,Secondary / secondary special,Married,House / apartment,0.022625,-18556,-862,-6769.0,-2045,2.0,2,2,WEDNESDAY,17,Business Entity Type 3,0.7631370618175837,0.6446273721560554,,-2591.0,1.0,50.80355920602327,2.360027378507872,0,6.0816,0.341,1.1584,0.0464539771502479,1.0,0.0,1.0,0.0,0.0,0.0,0.0,0.0,765000.0,0.0,0.0,0.0,0.0,0.0,0.0,-2283.0,-2283.0,-2283.0,-435.0,,1.0,1.0,0.0,1.0,1.0,0.0,29506.5,26554.5,2950.2,11.0,0.1089589196833363,-2591.0,1.0
100105,0,Cash loans,F,N,Y,0,193500.0,225000.0,23755.5,225000.0,Working,Secondary / secondary special,Married,House / apartment,0.031329,-19810,-8862,-4493.0,-3043,2.0,2,2,TUESDAY,11,Government,0.765153942091246,0.2547599571469118,0.4118485559242397,-1733.0,4.0,54.23682409308692,24.26283367556468,0,1.162790697674419,0.1227674418604651,1.0,0.4473498233215547,6.0,1.0,5.0,0.0,0.0,0.0,0.0,0.0,1663635.42,18774.0,0.0,0.0,0.0,0.0,10080.0,-993.8333333333334,-1724.0,-175.0,-635.0,7.0,1.0,1.0,0.011284924433744,14.0,12.0,2.0,1509061.5,1461208.5,289712.025,10.428571428571429,0.1077884059943273,-971.2857142857144,0.8571428571428571
100108,0,Cash loans,F,N,Y,3,171000.0,545040.0,31288.5,450000.0,Working,Secondary / secondary special,Married,House / apartment,0.006629,-12780,-1415,-5146.0,-870,5.0,2,2,WEDNESDAY,11,Business Entity Type 3,,0.7566679797246073,0.6413682574954046,-546.0,0.0,34.98973305954826,3.874058863791924,0,3.187368421052632,0.1829736842105263,1.2112,0.1107198748043818,3.0,2.0,1.0,0.0,0.0,0.0,0.0,0.0,648661.5,40878.0,0.0,0.0,0.0,0.0,0.0,-1913.0,-2519.0,-982.0,-666.6666666666666,,2.0,1.0,0.063019001436034,1.0,1.0,0.0,125955.0,122895.0,25269.66,9.0,0.1685377451394164,-546.0,1.0
100110,0,Cash loans,M,Y,Y,3,135000.0,373140.0,25065.0,337500.0,Commercial associate,Secondary / secondary special,Married,House / apartment,0.035792,-10744,-741,-442.0,-2381,5.0,2,2,WEDNESDAY,9,Housing,,0.6405493008893001,0.3280631605201915,0.0,2.0,29.415468856947296,2.028747433264887,0,2.764,0.1856666666666666,1.1056,0.0689687267311988,1.0,1.0,0.0,0.0,0.0,0.0,0.0,0.0,65511.0,52820.595,0.0,0.0,0.0,0.0,0.0,-86.0,-86.0,-86.0,-20.0,218.0,1.0,1.0,0.8062858909190823,4.0,4.0,0.0,273771.0,306396.0,27615.51,14.75,0.0287818943759226,-200.5,1.0
100111,0,Cash loans,F,Y,N,1,112500.0,862560.0,27954.0,720000.0,Commercial associate,Secondary / secondary special,Married,With parents,0.0228,-10485,-1249,-4628.0,-3110,3.0,2,2,MONDAY,11,Business Entity Type 3,0.5633231337420023,0.608604105963283,0.228883416700673,-1234.0,0.0,28.70636550308008,3.4195756331279945,0,7.6672,0.24848,1.198,0.1191225560324272,12.0,3.0,9.0,0.0,0.0,0.0,0.0,0.0,2505821.715,104072.31,0.0,57334.5,0.0,1.0,42966.0,-859.4166666666666,-2257.0,-270.0,-474.9166666666667,1985.8,2.0,1.0,0.041532208527453,6.0,5.0,1.0,545908.095,549382.5,61573.14,15.666666666666666,0.0639763654987494,-1482.3333333333333,0.8333333333333334
100112,1,Cash loans,M,Y,Y,0,315000.0,953460.0,64107.0,900000.0,Commercial associate,Incomplete higher,Single / not married,With parents,0.030755,-10199,-2015,-4802.0,-1038,1.0,2,2,SUNDAY,13,Industry: type 4,,0.4323402118056743,0.0774985464900651,-591.0,2.0,27.923340177960306,5.516769336071184,0,3.0268571428571427,0.2035142857142857,1.0594,0.1975683890577507,2.0,2.0,0.0,0.0,0.0,0.0,0.0,0.0,130500.0,85648.5,0.0,0.0,0.0,0.0,0.0,-288.0,-305.0,-271.0,-54.5,15931.5,1.0,1.0,0.6563103448275862,4.0,4.0,0.0,316957.5,462357.0,49047.21000000001,18.25,0.1969766534908337,-883.5,1.0
100113,0,Cash loans,M,Y,N,0,76500.0,135000.0,6696.0,135000.0,Working,Secondary / secondary special,Single / not married,House / apartment,0.028663,-15137,-7980,-9176.0,-4576,1.0,2,2,MONDAY,10,Agriculture,0.4757617930038634,0.5930185238421518,0.7898803468924867,-1981.0,2.0,41.44284736481862,21.848049281314168,0,1.7647058823529411,0.0875294117647058,1.0,0.5271850432714541,3.0,2.0,1.0,0.0,0.0,0.0,0.0,0.0,610722.0,401368.5,0.0,0.0,3997.485,0.0,0.0,-1178.0,-1981.0,-753.0,-537.6666666666666,1049.5,1.0,1.0,0.657203277432285,4.0,2.0,2.0,208210.5,208480.5,20290.5,9.75,0.0545545621518238,-1107.75,0.5
100114,0,Cash loans,F,N,Y,0,135000.0,284400.0,22599.0,225000.0,Commercial associate,Higher education,Single / not married,House / apartment,0.030755,-10734,-693,-7913.0,-1362,1.0,2,2,MONDAY,14,Restaurant,0.3957242668511344,0.1549370735653434,0.2650494299443805,-227.0,2.0,29.388090349075977,1.897330595482546,0,2.1066666666666665,0.1674,1.264,0.0645612073784237,4.0,2.0,2.0,0.0,0.0,0.0,0.0,0.0,233777.88,45634.5,0.0,96810.795,0.0,0.0,3316.815,-880.0,-1075.0,-648.0,-335.25,,2.0,1.0,0.1952045249105689,2.0,2.0,0.0,125685.0,134203.5,10576.26,14.5,0.0,-227.0,1.0
100115,0,Cash loans,F,N,N,0,90000.0,315000.0,14683.5,315000.0,Working,Secondary / secondary special,Married,House / apartment,0.028663,-15371,-367,-3071.0,-4211,2.0,2,2,SUNDAY,11,Business Entity Type 3,,0.3343001962973505,,-40.0,2.0,42.08350444900753,1.0047912388774811,0,3.5,0.16315,1.0,0.0238761303753822,1.0,0.0,1.0,0.0,0.0,0.0,0.0,0.0,18513.0,0.0,0.0,0.0,0.0,0.0,3420.0,-2899.0,-2899.0,-2899.0,-2713.0,,1.0,1.0,0.0,4.0,2.0,0.0,163305.0,168390.0,12816.315,11.5,0.0,-90.75,0.5
100116,0,Cash loans,F,N,Y,0,243000.0,900000.0,32017.5,900000.0,Working,Higher education,Married,House / apartment,0.010006,-14751,-6737,-3390.0,-4788,2.0,2,1,THURSDAY,11,Kindergarten,0.6712718925800566,0.7002735745029195,0.0710551246687366,-1083.0,0.0,40.38603696098563,18.444900752908968,0,3.703703703703704,0.1317592592592592,1.0,0.4567147989966782,17.0,8.0,9.0,0.0,0.0,0.0,0.0,0.0,7638393.6,2430413.8200000003,0.0,24472.845,0.0,0.0,28152.855,-1277.0588235294117,-2908.0,-104.0,-479.2352941176471,5678.666666666667,3.0,1.0,0.3181838940585623,15.0,5.0,7.0,3228176.25,4003908.75,293590.035,11.466666666666669,0.0161473361289399,-1009.0,0.3333333333333333
100118,0,Cash loans,F,N,Y,0,90000.0,675000.0,26541.0,675000.0,Pensioner,Secondary / secondary special,Widow,House / apartment,0.026392,-22471,365243,-217.0,-4323,1.0,2,2,TUESDAY,15,XNA,,0.6263029188866104,,0.0,,61.52224503764545,,1,7.5,0.2949,1.0,,,,,,,,,,,,,,,,,,,,,,,,,2.0,2.0,0.0,362345.4,339997.5,37904.22,19.0,0.1055224219651398,-1427.5,1.0
